[
 {
   "location_id": 1,
   "location_description": "Trip from Agege to Eti-Osa",
   "start_coord_long": 3.324722,
   "start_coord_lat": 6.605833,
   "destination_coord_long": 3.355556,
   "destination_coord_lat": 6.545278
 },
 {
   "location_id": 2,
   "location_description": "Commute from Alimosho to Ibeju-Lekki",
   "start_coord_long": 3.355278,
   "start_coord_lat": 6.595833,
   "destination_coord_long": 3.548056,
   "destination_coord_lat": 6.462222
 },
 {
   "location_id": 3,
   "location_description": "Apapa to Ikorodu visit",
   "start_coord_long": 3.375278,
   "start_coord_lat": 6.488889,
   "destination_coord_long": 3.492222,
   "destination_coord_lat": 6.593889
 },
 {
   "location_id": 4,
   "location_description": "Island tour from Ifako-Ijaye to Ojo",
   "start_coord_long": 3.450833,
   "start_coord_lat": 6.609722,
   "destination_coord_long": 3.366667,
   "destination_coord_lat": 6.529167
 },
 {
   "location_id": 5,
   "location_description": "Ikeja to Amuwo-Odofin shopping",
   "start_coord_long": 3.398056,
   "start_coord_lat": 6.524722,
   "destination_coord_long": 3.352778,
   "destination_coord_lat": 6.548333
 },
 {
   "location_id": 6,
   "location_description": "Mainland to Badagry business trip",
   "start_coord_long": 3.361944,
   "start_coord_lat": 6.560556,
   "destination_coord_long": 3.313611,
   "destination_coord_lat": 6.498056
 },
 {
   "location_id": 7,
   "location_description": "Kosofe to Ajeromi-Ifelodun vacation",
   "start_coord_long": 3.383333,
   "start_coord_lat": 6.516389,
   "destination_coord_long": 3.394444,
   "destination_coord_lat": 6.538611
 },
 {
   "location_id": 8,
   "location_description": "Mushin to Surulere family visit",
   "start_coord_long": 3.359722,
   "start_coord_lat": 6.529167,
   "destination_coord_long": 3.3875,
   "destination_coord_lat": 6.521944
 },
 {
   "location_id": 9,
   "location_description": "Oshodi-Isolo to Mainland concert",
   "start_coord_long": 3.372222,
   "start_coord_lat": 6.508889,
   "destination_coord_long": 3.379167,
   "destination_coord_lat": 6.547222
 },
 {
   "location_id": 10,
   "location_description": "Shomolu to Lagos Island food tour",
   "start_coord_long": 3.360833,
   "start_coord_lat": 6.520833,
   "destination_coord_long": 3.439444,
   "destination_coord_lat": 6.468333
 },
 {
   "location_id": 11,
   "location_description": "Eti-Osa to Ikeja sightseeing",
   "start_coord_long": 3.355556,
   "start_coord_lat": 6.545278,
   "destination_coord_long": 3.398056,
   "destination_coord_lat": 6.524722
 },
 {
   "location_id": 12,
   "location_description": "Mainland to Agege medical appointment",
   "start_coord_long": 3.379167,
   "start_coord_lat": 6.547222,
   "destination_coord_long": 3.324722,
   "destination_coord_lat": 6.605833
 },
 {
   "location_id": 13,
   "location_description": "Surulere to Alimosho shopping spree",
   "start_coord_long": 3.3875,
   "start_coord_lat": 6.521944,
   "destination_coord_long": 3.355278,
   "destination_coord_lat": 6.595833
 },
 {
   "location_id": 14,
   "location_description": "Ojo to Apapa meeting",
   "start_coord_long": 3.366667,
   "start_coord_lat": 6.529167,
   "destination_coord_long": 3.375278,
   "destination_coord_lat": 6.488889
 },
 {
   "location_id": 15,
   "location_description": "Ajeromi-Ifelodun to Ifako-Ijaye school trip",
   "start_coord_long": 3.394444,
   "start_coord_lat": 6.538611,
   "destination_coord_long": 3.450833,
   "destination_coord_lat": 6.609722
 },
 {
   "location_id": 16,
   "location_description": "Amuwo-Odofin to Kosofe movie night",
   "start_coord_long": 3.352778,
   "start_coord_lat": 6.548333,
   "destination_coord_long": 3.383333,
   "destination_coord_lat": 6.516389
 },
 {
   "location_id": 17,
   "location_description": "Badagry to Mushin",
   "start_coord_long": 3.313611,
   "start_coord_lat": 6.498056,
   "destination_coord_long": 3.359722,
   "destination_coord_lat": 6.529167
 },
 {
   "location_id": 18,
   "location_description": "Ikorodu to Oshodi-Isolo",
   "start_coord_long": 3.492222,
   "start_coord_lat": 6.593889,
   "destination_coord_long": 3.372222,
   "destination_coord_lat": 6.508889
 },
 {
   "location_id": 19,
   "location_description": "Ibeju-Lekki to Shomolu beach day",
   "start_coord_long": 3.548056,
   "start_coord_lat": 6.462222,
   "destination_coord_long": 3.360833,
   "destination_coord_lat": 6.520833
 },
 {
   "location_id": 20,
   "location_description": "Epe to Eti-Osa adventure",
   "start_coord_long": 3.395278,
   "start_coord_lat": 6.449722,
   "destination_coord_long": 3.355556,
   "destination_coord_lat": 6.545278
 }
]