[
 {
   "ride_id": 1,
   "location_id": 6,
   "rideservice_id": 4,
   "estimated_arrival_time": "2/6/2023 11:01"
 },
 {
   "ride_id": 2,
   "location_id": 4,
   "rideservice_id": 5,
   "estimated_arrival_time": "2/6/2023 11:01"
 },
 {
   "ride_id": 3,
   "location_id": 10,
   "rideservice_id": 6,
   "estimated_arrival_time": "2/6/2023 7:01"
 },
 {
   "ride_id": 4,
   "location_id": 9,
   "rideservice_id": 2,
   "estimated_arrival_time": "2/6/2023 9:01"
 },
 {
   "ride_id": 5,
   "location_id": 7,
   "rideservice_id": 2,
   "estimated_arrival_time": "2/6/2023 8:01"
 },
 {
   "ride_id": 6,
   "location_id": 3,
   "rideservice_id": 2,
   "estimated_arrival_time": "2/6/2023 10:01"
 },
 {
   "ride_id": 7,
   "location_id": 12,
   "rideservice_id": 6,
   "estimated_arrival_time": "2/6/2023 13:01"
 },
 {
   "ride_id": 8,
   "location_id": 18,
   "rideservice_id": 2,
   "estimated_arrival_time": "2/6/2023 7:01"
 },
 {
   "ride_id": 9,
   "location_id": 14,
   "rideservice_id": 6,
   "estimated_arrival_time": "2/6/2023 8:01"
 },
 {
   "ride_id": 10,
   "location_id": 20,
   "rideservice_id": 3,
   "estimated_arrival_time": "2/6/2023 11:01"
 },
 {
   "ride_id": 11,
   "location_id": 14,
   "rideservice_id": 4,
   "estimated_arrival_time": "2/6/2023 10:01"
 },
 {
   "ride_id": 12,
   "location_id": 19,
   "rideservice_id": 2,
   "estimated_arrival_time": "2/6/2023 9:01"
 },
 {
   "ride_id": 13,
   "location_id": 20,
   "rideservice_id": 4,
   "estimated_arrival_time": "2/6/2023 11:01"
 },
 {
   "ride_id": 14,
   "location_id": 13,
   "rideservice_id": 2,
   "estimated_arrival_time": "2/6/2023 11:01"
 },
 {
   "ride_id": 15,
   "location_id": 17,
   "rideservice_id": 2,
   "estimated_arrival_time": "2/6/2023 11:01"
 },
 {
   "ride_id": 16,
   "location_id": 16,
   "rideservice_id": 5,
   "estimated_arrival_time": "2/6/2023 10:01"
 },
 {
   "ride_id": 17,
   "location_id": 13,
   "rideservice_id": 5,
   "estimated_arrival_time": "2/6/2023 10:01"
 },
 {
   "ride_id": 18,
   "location_id": 4,
   "rideservice_id": 1,
   "estimated_arrival_time": "2/6/2023 9:01"
 },
 {
   "ride_id": 19,
   "location_id": 9,
   "rideservice_id": 4,
   "estimated_arrival_time": "2/6/2023 7:01"
 },
 {
   "ride_id": 20,
   "location_id": 15,
   "rideservice_id": 2,
   "estimated_arrival_time": "2/6/2023 12:01"
 },
 {
   "ride_id": 21,
   "location_id": 19,
   "rideservice_id": 6,
   "estimated_arrival_time": "2/6/2023 10:01"
 },
 {
   "ride_id": 22,
   "location_id": 13,
   "rideservice_id": 4,
   "estimated_arrival_time": "2/6/2023 13:01"
 },
 {
   "ride_id": 23,
   "location_id": 19,
   "rideservice_id": 1,
   "estimated_arrival_time": "2/6/2023 11:01"
 },
 {
   "ride_id": 24,
   "location_id": 2,
   "rideservice_id": 2,
   "estimated_arrival_time": "2/6/2023 10:01"
 },
 {
   "ride_id": 25,
   "location_id": 15,
   "rideservice_id": 5,
   "estimated_arrival_time": "2/6/2023 13:01"
 },
 {
   "ride_id": 26,
   "location_id": 5,
   "rideservice_id": 6,
   "estimated_arrival_time": "2/6/2023 9:01"
 },
 {
   "ride_id": 27,
   "location_id": 1,
   "rideservice_id": 6,
   "estimated_arrival_time": "2/6/2023 7:01"
 },
 {
   "ride_id": 28,
   "location_id": 6,
   "rideservice_id": 3,
   "estimated_arrival_time": "2/6/2023 9:01"
 },
 {
   "ride_id": 29,
   "location_id": 1,
   "rideservice_id": 6,
   "estimated_arrival_time": "2/6/2023 7:01"
 },
 {
   "ride_id": 30,
   "location_id": 8,
   "rideservice_id": 3,
   "estimated_arrival_time": "2/6/2023 12:01"
 },
 {
   "ride_id": 31,
   "location_id": 7,
   "rideservice_id": 5,
   "estimated_arrival_time": "2/6/2023 13:01"
 },
 {
   "ride_id": 32,
   "location_id": 19,
   "rideservice_id": 3,
   "estimated_arrival_time": "2/6/2023 12:01"
 },
 {
   "ride_id": 33,
   "location_id": 2,
   "rideservice_id": 4,
   "estimated_arrival_time": "2/6/2023 9:01"
 },
 {
   "ride_id": 34,
   "location_id": 1,
   "rideservice_id": 1,
   "estimated_arrival_time": "2/6/2023 11:01"
 },
 {
   "ride_id": 35,
   "location_id": 17,
   "rideservice_id": 1,
   "estimated_arrival_time": "2/6/2023 7:01"
 },
 {
   "ride_id": 36,
   "location_id": 16,
   "rideservice_id": 3,
   "estimated_arrival_time": "2/6/2023 13:01"
 },
 {
   "ride_id": 37,
   "location_id": 2,
   "rideservice_id": 3,
   "estimated_arrival_time": "2/6/2023 9:01"
 },
 {
   "ride_id": 38,
   "location_id": 12,
   "rideservice_id": 2,
   "estimated_arrival_time": "2/6/2023 7:01"
 },
 {
   "ride_id": 39,
   "location_id": 10,
   "rideservice_id": 3,
   "estimated_arrival_time": "2/6/2023 10:01"
 },
 {
   "ride_id": 40,
   "location_id": 2,
   "rideservice_id": 2,
   "estimated_arrival_time": "2/6/2023 13:01"
 },
 {
   "ride_id": 41,
   "location_id": 14,
   "rideservice_id": 3,
   "estimated_arrival_time": "2/6/2023 7:01"
 },
 {
   "ride_id": 42,
   "location_id": 7,
   "rideservice_id": 5,
   "estimated_arrival_time": "2/6/2023 11:01"
 },
 {
   "ride_id": 43,
   "location_id": 8,
   "rideservice_id": 6,
   "estimated_arrival_time": "2/6/2023 12:01"
 },
 {
   "ride_id": 44,
   "location_id": 5,
   "rideservice_id": 1,
   "estimated_arrival_time": "2/6/2023 9:01"
 },
 {
   "ride_id": 45,
   "location_id": 11,
   "rideservice_id": 5,
   "estimated_arrival_time": "2/6/2023 11:01"
 },
 {
   "ride_id": 46,
   "location_id": 16,
   "rideservice_id": 6,
   "estimated_arrival_time": "2/6/2023 9:01"
 },
 {
   "ride_id": 47,
   "location_id": 11,
   "rideservice_id": 1,
   "estimated_arrival_time": "2/6/2023 10:01"
 },
 {
   "ride_id": 48,
   "location_id": 1,
   "rideservice_id": 3,
   "estimated_arrival_time": "2/6/2023 8:01"
 },
 {
   "ride_id": 49,
   "location_id": 18,
   "rideservice_id": 6,
   "estimated_arrival_time": "2/6/2023 8:01"
 },
 {
   "ride_id": 50,
   "location_id": 13,
   "rideservice_id": 3,
   "estimated_arrival_time": "2/6/2023 8:01"
 },
 {
   "ride_id": 51,
   "location_id": 3,
   "rideservice_id": 4,
   "estimated_arrival_time": "2/6/2023 10:01"
 },
 {
   "ride_id": 52,
   "location_id": 11,
   "rideservice_id": 1,
   "estimated_arrival_time": "2/6/2023 8:01"
 },
 {
   "ride_id": 53,
   "location_id": 6,
   "rideservice_id": 4,
   "estimated_arrival_time": "2/6/2023 8:01"
 },
 {
   "ride_id": 54,
   "location_id": 4,
   "rideservice_id": 3,
   "estimated_arrival_time": "2/6/2023 9:01"
 },
 {
   "ride_id": 55,
   "location_id": 2,
   "rideservice_id": 6,
   "estimated_arrival_time": "2/6/2023 11:01"
 },
 {
   "ride_id": 56,
   "location_id": 16,
   "rideservice_id": 1,
   "estimated_arrival_time": "2/6/2023 12:01"
 },
 {
   "ride_id": 57,
   "location_id": 14,
   "rideservice_id": 1,
   "estimated_arrival_time": "2/6/2023 12:01"
 },
 {
   "ride_id": 58,
   "location_id": 8,
   "rideservice_id": 3,
   "estimated_arrival_time": "2/6/2023 7:01"
 },
 {
   "ride_id": 59,
   "location_id": 16,
   "rideservice_id": 3,
   "estimated_arrival_time": "2/6/2023 7:01"
 },
 {
   "ride_id": 60,
   "location_id": 18,
   "rideservice_id": 4,
   "estimated_arrival_time": "2/6/2023 13:01"
 },
 {
   "ride_id": 61,
   "location_id": 8,
   "rideservice_id": 4,
   "estimated_arrival_time": "2/6/2023 12:01"
 },
 {
   "ride_id": 62,
   "location_id": 18,
   "rideservice_id": 6,
   "estimated_arrival_time": "2/6/2023 13:01"
 },
 {
   "ride_id": 63,
   "location_id": 6,
   "rideservice_id": 6,
   "estimated_arrival_time": "2/6/2023 10:01"
 },
 {
   "ride_id": 64,
   "location_id": 16,
   "rideservice_id": 6,
   "estimated_arrival_time": "2/6/2023 13:01"
 },
 {
   "ride_id": 65,
   "location_id": 3,
   "rideservice_id": 5,
   "estimated_arrival_time": "2/6/2023 9:01"
 },
 {
   "ride_id": 66,
   "location_id": 17,
   "rideservice_id": 3,
   "estimated_arrival_time": "2/6/2023 12:01"
 },
 {
   "ride_id": 67,
   "location_id": 4,
   "rideservice_id": 6,
   "estimated_arrival_time": "2/6/2023 7:01"
 },
 {
   "ride_id": 68,
   "location_id": 6,
   "rideservice_id": 2,
   "estimated_arrival_time": "2/6/2023 13:01"
 },
 {
   "ride_id": 69,
   "location_id": 13,
   "rideservice_id": 4,
   "estimated_arrival_time": "2/6/2023 12:01"
 },
 {
   "ride_id": 70,
   "location_id": 13,
   "rideservice_id": 3,
   "estimated_arrival_time": "2/6/2023 7:01"
 },
 {
   "ride_id": 71,
   "location_id": 11,
   "rideservice_id": 3,
   "estimated_arrival_time": "2/6/2023 9:01"
 },
 {
   "ride_id": 72,
   "location_id": 15,
   "rideservice_id": 1,
   "estimated_arrival_time": "2/6/2023 7:01"
 },
 {
   "ride_id": 73,
   "location_id": 10,
   "rideservice_id": 4,
   "estimated_arrival_time": "2/6/2023 12:01"
 },
 {
   "ride_id": 74,
   "location_id": 3,
   "rideservice_id": 2,
   "estimated_arrival_time": "2/6/2023 10:01"
 },
 {
   "ride_id": 75,
   "location_id": 9,
   "rideservice_id": 1,
   "estimated_arrival_time": "2/6/2023 8:01"
 },
 {
   "ride_id": 76,
   "location_id": 8,
   "rideservice_id": 2,
   "estimated_arrival_time": "2/6/2023 7:01"
 },
 {
   "ride_id": 77,
   "location_id": 16,
   "rideservice_id": 1,
   "estimated_arrival_time": "2/6/2023 7:01"
 },
 {
   "ride_id": 78,
   "location_id": 5,
   "rideservice_id": 5,
   "estimated_arrival_time": "2/6/2023 13:01"
 },
 {
   "ride_id": 79,
   "location_id": 9,
   "rideservice_id": 3,
   "estimated_arrival_time": "2/6/2023 12:01"
 },
 {
   "ride_id": 80,
   "location_id": 2,
   "rideservice_id": 2,
   "estimated_arrival_time": "2/6/2023 7:01"
 },
 {
   "ride_id": 81,
   "location_id": 19,
   "rideservice_id": 2,
   "estimated_arrival_time": "2/6/2023 13:01"
 },
 {
   "ride_id": 82,
   "location_id": 10,
   "rideservice_id": 4,
   "estimated_arrival_time": "2/6/2023 13:01"
 },
 {
   "ride_id": 83,
   "location_id": 9,
   "rideservice_id": 3,
   "estimated_arrival_time": "2/6/2023 9:01"
 },
 {
   "ride_id": 84,
   "location_id": 4,
   "rideservice_id": 3,
   "estimated_arrival_time": "2/6/2023 10:01"
 },
 {
   "ride_id": 85,
   "location_id": 20,
   "rideservice_id": 5,
   "estimated_arrival_time": "2/6/2023 8:01"
 },
 {
   "ride_id": 86,
   "location_id": 8,
   "rideservice_id": 1,
   "estimated_arrival_time": "2/6/2023 11:01"
 },
 {
   "ride_id": 87,
   "location_id": 15,
   "rideservice_id": 5,
   "estimated_arrival_time": "2/6/2023 9:01"
 },
 {
   "ride_id": 88,
   "location_id": 11,
   "rideservice_id": 1,
   "estimated_arrival_time": "2/6/2023 13:01"
 },
 {
   "ride_id": 89,
   "location_id": 14,
   "rideservice_id": 1,
   "estimated_arrival_time": "2/6/2023 11:01"
 },
 {
   "ride_id": 90,
   "location_id": 10,
   "rideservice_id": 5,
   "estimated_arrival_time": "2/6/2023 9:01"
 },
 {
   "ride_id": 91,
   "location_id": 2,
   "rideservice_id": 2,
   "estimated_arrival_time": "2/6/2023 12:01"
 },
 {
   "ride_id": 92,
   "location_id": 7,
   "rideservice_id": 5,
   "estimated_arrival_time": "2/6/2023 7:01"
 },
 {
   "ride_id": 93,
   "location_id": 5,
   "rideservice_id": 5,
   "estimated_arrival_time": "2/6/2023 8:01"
 },
 {
   "ride_id": 94,
   "location_id": 1,
   "rideservice_id": 5,
   "estimated_arrival_time": "2/6/2023 7:01"
 },
 {
   "ride_id": 95,
   "location_id": 5,
   "rideservice_id": 5,
   "estimated_arrival_time": "2/6/2023 13:01"
 },
 {
   "ride_id": 96,
   "location_id": 15,
   "rideservice_id": 3,
   "estimated_arrival_time": "2/6/2023 11:01"
 },
 {
   "ride_id": 97,
   "location_id": 5,
   "rideservice_id": 3,
   "estimated_arrival_time": "2/6/2023 7:01"
 },
 {
   "ride_id": 98,
   "location_id": 10,
   "rideservice_id": 5,
   "estimated_arrival_time": "2/6/2023 9:01"
 },
 {
   "ride_id": 99,
   "location_id": 7,
   "rideservice_id": 6,
   "estimated_arrival_time": "2/6/2023 7:01"
 },
 {
   "ride_id": 100,
   "location_id": 1,
   "rideservice_id": 5,
   "estimated_arrival_time": "2/6/2023 8:01"
 },
 {
   "ride_id": 101,
   "location_id": 11,
   "rideservice_id": 4,
   "estimated_arrival_time": "2/6/2023 12:01"
 },
 {
   "ride_id": 102,
   "location_id": 1,
   "rideservice_id": 4,
   "estimated_arrival_time": "2/6/2023 9:01"
 },
 {
   "ride_id": 103,
   "location_id": 11,
   "rideservice_id": 5,
   "estimated_arrival_time": "2/6/2023 9:01"
 },
 {
   "ride_id": 104,
   "location_id": 10,
   "rideservice_id": 5,
   "estimated_arrival_time": "2/6/2023 12:01"
 },
 {
   "ride_id": 105,
   "location_id": 15,
   "rideservice_id": 3,
   "estimated_arrival_time": "2/6/2023 10:01"
 },
 {
   "ride_id": 106,
   "location_id": 9,
   "rideservice_id": 1,
   "estimated_arrival_time": "2/6/2023 7:01"
 },
 {
   "ride_id": 107,
   "location_id": 19,
   "rideservice_id": 3,
   "estimated_arrival_time": "2/6/2023 9:01"
 },
 {
   "ride_id": 108,
   "location_id": 3,
   "rideservice_id": 6,
   "estimated_arrival_time": "2/6/2023 11:01"
 },
 {
   "ride_id": 109,
   "location_id": 13,
   "rideservice_id": 2,
   "estimated_arrival_time": "2/6/2023 7:01"
 },
 {
   "ride_id": 110,
   "location_id": 7,
   "rideservice_id": 2,
   "estimated_arrival_time": "2/6/2023 8:01"
 },
 {
   "ride_id": 111,
   "location_id": 9,
   "rideservice_id": 3,
   "estimated_arrival_time": "2/6/2023 9:01"
 },
 {
   "ride_id": 112,
   "location_id": 15,
   "rideservice_id": 1,
   "estimated_arrival_time": "2/6/2023 7:01"
 },
 {
   "ride_id": 113,
   "location_id": 6,
   "rideservice_id": 6,
   "estimated_arrival_time": "2/6/2023 11:01"
 },
 {
   "ride_id": 114,
   "location_id": 9,
   "rideservice_id": 3,
   "estimated_arrival_time": "2/6/2023 7:01"
 },
 {
   "ride_id": 115,
   "location_id": 6,
   "rideservice_id": 2,
   "estimated_arrival_time": "2/6/2023 11:01"
 },
 {
   "ride_id": 116,
   "location_id": 6,
   "rideservice_id": 5,
   "estimated_arrival_time": "2/6/2023 12:01"
 },
 {
   "ride_id": 117,
   "location_id": 4,
   "rideservice_id": 2,
   "estimated_arrival_time": "2/6/2023 8:01"
 },
 {
   "ride_id": 118,
   "location_id": 12,
   "rideservice_id": 1,
   "estimated_arrival_time": "2/6/2023 9:01"
 },
 {
   "ride_id": 119,
   "location_id": 8,
   "rideservice_id": 5,
   "estimated_arrival_time": "2/6/2023 8:01"
 },
 {
   "ride_id": 120,
   "location_id": 8,
   "rideservice_id": 2,
   "estimated_arrival_time": "2/6/2023 7:01"
 },
 {
   "ride_id": 121,
   "location_id": 10,
   "rideservice_id": 4,
   "estimated_arrival_time": "2/6/2023 13:01"
 },
 {
   "ride_id": 122,
   "location_id": 4,
   "rideservice_id": 2,
   "estimated_arrival_time": "2/6/2023 11:01"
 },
 {
   "ride_id": 123,
   "location_id": 12,
   "rideservice_id": 6,
   "estimated_arrival_time": "2/6/2023 9:01"
 },
 {
   "ride_id": 124,
   "location_id": 20,
   "rideservice_id": 5,
   "estimated_arrival_time": "2/6/2023 9:01"
 },
 {
   "ride_id": 125,
   "location_id": 5,
   "rideservice_id": 3,
   "estimated_arrival_time": "2/6/2023 8:01"
 },
 {
   "ride_id": 126,
   "location_id": 18,
   "rideservice_id": 3,
   "estimated_arrival_time": "2/6/2023 13:01"
 },
 {
   "ride_id": 127,
   "location_id": 8,
   "rideservice_id": 6,
   "estimated_arrival_time": "2/6/2023 13:01"
 },
 {
   "ride_id": 128,
   "location_id": 1,
   "rideservice_id": 2,
   "estimated_arrival_time": "2/6/2023 10:01"
 },
 {
   "ride_id": 129,
   "location_id": 5,
   "rideservice_id": 5,
   "estimated_arrival_time": "2/6/2023 8:01"
 },
 {
   "ride_id": 130,
   "location_id": 16,
   "rideservice_id": 3,
   "estimated_arrival_time": "2/6/2023 13:01"
 },
 {
   "ride_id": 131,
   "location_id": 11,
   "rideservice_id": 4,
   "estimated_arrival_time": "2/6/2023 9:01"
 },
 {
   "ride_id": 132,
   "location_id": 10,
   "rideservice_id": 6,
   "estimated_arrival_time": "2/6/2023 9:01"
 },
 {
   "ride_id": 133,
   "location_id": 7,
   "rideservice_id": 5,
   "estimated_arrival_time": "2/6/2023 12:01"
 },
 {
   "ride_id": 134,
   "location_id": 14,
   "rideservice_id": 4,
   "estimated_arrival_time": "2/6/2023 9:01"
 },
 {
   "ride_id": 135,
   "location_id": 10,
   "rideservice_id": 3,
   "estimated_arrival_time": "2/6/2023 12:01"
 },
 {
   "ride_id": 136,
   "location_id": 13,
   "rideservice_id": 4,
   "estimated_arrival_time": "2/6/2023 7:01"
 },
 {
   "ride_id": 137,
   "location_id": 15,
   "rideservice_id": 5,
   "estimated_arrival_time": "2/6/2023 10:01"
 },
 {
   "ride_id": 138,
   "location_id": 1,
   "rideservice_id": 6,
   "estimated_arrival_time": "2/6/2023 12:01"
 },
 {
   "ride_id": 139,
   "location_id": 8,
   "rideservice_id": 1,
   "estimated_arrival_time": "2/6/2023 8:01"
 },
 {
   "ride_id": 140,
   "location_id": 19,
   "rideservice_id": 1,
   "estimated_arrival_time": "2/6/2023 7:01"
 },
 {
   "ride_id": 141,
   "location_id": 1,
   "rideservice_id": 6,
   "estimated_arrival_time": "2/6/2023 9:01"
 },
 {
   "ride_id": 142,
   "location_id": 17,
   "rideservice_id": 4,
   "estimated_arrival_time": "2/6/2023 11:01"
 },
 {
   "ride_id": 143,
   "location_id": 1,
   "rideservice_id": 6,
   "estimated_arrival_time": "2/6/2023 12:01"
 },
 {
   "ride_id": 144,
   "location_id": 18,
   "rideservice_id": 1,
   "estimated_arrival_time": "2/6/2023 10:01"
 },
 {
   "ride_id": 145,
   "location_id": 3,
   "rideservice_id": 3,
   "estimated_arrival_time": "2/6/2023 10:01"
 },
 {
   "ride_id": 146,
   "location_id": 5,
   "rideservice_id": 1,
   "estimated_arrival_time": "2/6/2023 11:01"
 },
 {
   "ride_id": 147,
   "location_id": 16,
   "rideservice_id": 4,
   "estimated_arrival_time": "2/6/2023 8:01"
 },
 {
   "ride_id": 148,
   "location_id": 14,
   "rideservice_id": 4,
   "estimated_arrival_time": "2/6/2023 13:01"
 },
 {
   "ride_id": 149,
   "location_id": 5,
   "rideservice_id": 3,
   "estimated_arrival_time": "2/6/2023 11:01"
 },
 {
   "ride_id": 150,
   "location_id": 11,
   "rideservice_id": 1,
   "estimated_arrival_time": "2/6/2023 10:01"
 },
 {
   "ride_id": 151,
   "location_id": 10,
   "rideservice_id": 3,
   "estimated_arrival_time": "2/6/2023 10:01"
 },
 {
   "ride_id": 152,
   "location_id": 18,
   "rideservice_id": 6,
   "estimated_arrival_time": "2/6/2023 13:01"
 },
 {
   "ride_id": 153,
   "location_id": 15,
   "rideservice_id": 1,
   "estimated_arrival_time": "2/6/2023 9:01"
 },
 {
   "ride_id": 154,
   "location_id": 17,
   "rideservice_id": 2,
   "estimated_arrival_time": "2/6/2023 13:01"
 },
 {
   "ride_id": 155,
   "location_id": 12,
   "rideservice_id": 3,
   "estimated_arrival_time": "2/6/2023 7:01"
 },
 {
   "ride_id": 156,
   "location_id": 3,
   "rideservice_id": 1,
   "estimated_arrival_time": "2/6/2023 8:01"
 },
 {
   "ride_id": 157,
   "location_id": 10,
   "rideservice_id": 4,
   "estimated_arrival_time": "2/6/2023 9:01"
 },
 {
   "ride_id": 158,
   "location_id": 20,
   "rideservice_id": 5,
   "estimated_arrival_time": "2/6/2023 9:01"
 },
 {
   "ride_id": 159,
   "location_id": 13,
   "rideservice_id": 1,
   "estimated_arrival_time": "2/6/2023 8:01"
 },
 {
   "ride_id": 160,
   "location_id": 19,
   "rideservice_id": 3,
   "estimated_arrival_time": "2/6/2023 7:01"
 },
 {
   "ride_id": 161,
   "location_id": 5,
   "rideservice_id": 2,
   "estimated_arrival_time": "2/6/2023 9:01"
 },
 {
   "ride_id": 162,
   "location_id": 1,
   "rideservice_id": 2,
   "estimated_arrival_time": "2/6/2023 12:01"
 },
 {
   "ride_id": 163,
   "location_id": 11,
   "rideservice_id": 2,
   "estimated_arrival_time": "2/6/2023 9:01"
 },
 {
   "ride_id": 164,
   "location_id": 15,
   "rideservice_id": 3,
   "estimated_arrival_time": "2/6/2023 8:01"
 },
 {
   "ride_id": 165,
   "location_id": 11,
   "rideservice_id": 6,
   "estimated_arrival_time": "2/6/2023 11:01"
 },
 {
   "ride_id": 166,
   "location_id": 11,
   "rideservice_id": 2,
   "estimated_arrival_time": "2/6/2023 8:01"
 },
 {
   "ride_id": 167,
   "location_id": 2,
   "rideservice_id": 2,
   "estimated_arrival_time": "2/6/2023 9:01"
 },
 {
   "ride_id": 168,
   "location_id": 19,
   "rideservice_id": 1,
   "estimated_arrival_time": "2/6/2023 10:01"
 },
 {
   "ride_id": 169,
   "location_id": 17,
   "rideservice_id": 6,
   "estimated_arrival_time": "2/6/2023 10:01"
 },
 {
   "ride_id": 170,
   "location_id": 3,
   "rideservice_id": 4,
   "estimated_arrival_time": "2/6/2023 8:01"
 },
 {
   "ride_id": 171,
   "location_id": 16,
   "rideservice_id": 4,
   "estimated_arrival_time": "2/6/2023 10:01"
 },
 {
   "ride_id": 172,
   "location_id": 5,
   "rideservice_id": 2,
   "estimated_arrival_time": "2/6/2023 8:01"
 },
 {
   "ride_id": 173,
   "location_id": 6,
   "rideservice_id": 5,
   "estimated_arrival_time": "2/6/2023 9:01"
 },
 {
   "ride_id": 174,
   "location_id": 15,
   "rideservice_id": 2,
   "estimated_arrival_time": "2/6/2023 7:01"
 },
 {
   "ride_id": 175,
   "location_id": 4,
   "rideservice_id": 5,
   "estimated_arrival_time": "2/6/2023 8:01"
 },
 {
   "ride_id": 176,
   "location_id": 16,
   "rideservice_id": 3,
   "estimated_arrival_time": "2/6/2023 10:01"
 },
 {
   "ride_id": 177,
   "location_id": 6,
   "rideservice_id": 4,
   "estimated_arrival_time": "2/6/2023 13:01"
 },
 {
   "ride_id": 178,
   "location_id": 19,
   "rideservice_id": 5,
   "estimated_arrival_time": "2/6/2023 9:01"
 },
 {
   "ride_id": 179,
   "location_id": 15,
   "rideservice_id": 1,
   "estimated_arrival_time": "2/6/2023 13:01"
 },
 {
   "ride_id": 180,
   "location_id": 1,
   "rideservice_id": 6,
   "estimated_arrival_time": "2/6/2023 8:01"
 },
 {
   "ride_id": 181,
   "location_id": 14,
   "rideservice_id": 2,
   "estimated_arrival_time": "2/6/2023 10:01"
 },
 {
   "ride_id": 182,
   "location_id": 14,
   "rideservice_id": 3,
   "estimated_arrival_time": "2/6/2023 7:01"
 },
 {
   "ride_id": 183,
   "location_id": 10,
   "rideservice_id": 2,
   "estimated_arrival_time": "2/6/2023 8:01"
 },
 {
   "ride_id": 184,
   "location_id": 12,
   "rideservice_id": 2,
   "estimated_arrival_time": "2/6/2023 11:01"
 },
 {
   "ride_id": 185,
   "location_id": 4,
   "rideservice_id": 5,
   "estimated_arrival_time": "2/6/2023 13:01"
 },
 {
   "ride_id": 186,
   "location_id": 4,
   "rideservice_id": 5,
   "estimated_arrival_time": "2/6/2023 7:01"
 },
 {
   "ride_id": 187,
   "location_id": 19,
   "rideservice_id": 4,
   "estimated_arrival_time": "2/6/2023 13:01"
 },
 {
   "ride_id": 188,
   "location_id": 3,
   "rideservice_id": 5,
   "estimated_arrival_time": "2/6/2023 11:01"
 },
 {
   "ride_id": 189,
   "location_id": 9,
   "rideservice_id": 1,
   "estimated_arrival_time": "2/6/2023 12:01"
 },
 {
   "ride_id": 190,
   "location_id": 9,
   "rideservice_id": 3,
   "estimated_arrival_time": "2/6/2023 7:01"
 },
 {
   "ride_id": 191,
   "location_id": 11,
   "rideservice_id": 2,
   "estimated_arrival_time": "2/6/2023 12:01"
 },
 {
   "ride_id": 192,
   "location_id": 12,
   "rideservice_id": 6,
   "estimated_arrival_time": "2/6/2023 7:01"
 },
 {
   "ride_id": 193,
   "location_id": 2,
   "rideservice_id": 6,
   "estimated_arrival_time": "2/6/2023 11:01"
 },
 {
   "ride_id": 194,
   "location_id": 6,
   "rideservice_id": 4,
   "estimated_arrival_time": "2/6/2023 11:01"
 },
 {
   "ride_id": 195,
   "location_id": 11,
   "rideservice_id": 6,
   "estimated_arrival_time": "2/6/2023 13:01"
 },
 {
   "ride_id": 196,
   "location_id": 9,
   "rideservice_id": 1,
   "estimated_arrival_time": "2/6/2023 11:01"
 },
 {
   "ride_id": 197,
   "location_id": 13,
   "rideservice_id": 1,
   "estimated_arrival_time": "2/6/2023 12:01"
 },
 {
   "ride_id": 198,
   "location_id": 4,
   "rideservice_id": 6,
   "estimated_arrival_time": "2/6/2023 10:01"
 },
 {
   "ride_id": 199,
   "location_id": 13,
   "rideservice_id": 2,
   "estimated_arrival_time": "2/6/2023 7:01"
 },
 {
   "ride_id": 200,
   "location_id": 8,
   "rideservice_id": 1,
   "estimated_arrival_time": "2/6/2023 9:01"
 }
]