[
 {
   "rideservice_id": 1,
   "rideservice_name": "Bolt",
   "priceperkm": 45
 },
 {
   "rideservice_id": 2,
   "rideservice_name": "Uber",
   "priceperkm": 50
 },
 {
   "rideservice_id": 3,
   "rideservice_name": "ORide",
   "priceperkm": 35
 },
 {
   "rideservice_id": 4,
   "rideservice_name": "EasyTaxi",
   "priceperkm": 42
 },
 {
   "rideservice_id": 5,
   "rideservice_name": "Gokada",
   "priceperkm": 30
 },
 {
   "rideservice_id": 6,
   "rideservice_name": "Lagride",
   "priceperkm": 55
 }
]